{"mean":{"confidence_interval":{"confidence_level":0.95,"lower_bound":150153.5497275035,"upper_bound":151520.168878289},"point_estimate":150815.46060472145,"standard_error":348.30482840104656},"median":{"confidence_interval":{"confidence_level":0.95,"lower_bound":149788.3492063492,"upper_bound":150962.6338028169},"point_estimate":150481.76532503642,"standard_error":330.2612264986331},"median_abs_dev":{"confidence_interval":{"confidence_level":0.95,"lower_bound":1997.7831151204998,"upper_bound":3244.780230121998},"point_estimate":2614.9952889128945,"standard_error":309.50694704628},"slope":{"confidence_interval":{"confidence_level":0.95,"lower_bound":150290.24942715134,"upper_bound":151688.62652976907},"point_estimate":150953.9722911609,"standard_error":357.3481660577914},"std_dev":{"confidence_interval":{"confidence_level":0.95,"lower_bound":2676.282165027307,"upper_bound":4343.575173422868},"point_estimate":3510.40632349738,"standard_error":431.5065226941164}}